picture.no,hue,sat,bright,SDhue,SDsat,SDbright,ED,PE
5,2.293323987,0.377402595,0.605533133,2.020531982,0.171892247,0.15790182,0.083886818,7.307770512
12,2.243059458,0.512520161,0.461850634,0.993405108,0.339524299,0.362491216,0.125087102,7.394368933
14,2.48339476,0.170962054,0.451197744,1.340974826,0.156402876,0.308338483,0.084095866,7.289138101
15,2.262523434,0.364169916,0.615464774,1.682062996,0.235420289,0.278225135,0.114835634,7.665695896
27,1.993830967,0.18850264,0.468538962,1.497266561,0.180968498,0.239878743,0.124109029,7.653748414
28,0.051894825,0.145321688,0.545527918,1.502906746,0.163916609,0.308889125,0.098087565,7.567593296
40,3.057064176,0.34906202,0.537577267,1.562272984,0.261246017,0.314256736,0.110913694,7.775580596
43,-2.871420835,0.279069419,0.576233029,1.061286989,0.117202545,0.141705528,0.092015377,6.898095904
114,2.203079901,0.068254922,0.546762119,1.877959527,0.062752671,0.245826167,0.102060159,7.488058169
129,-1.632722397,0.121407712,0.516402908,2.141289179,0.128275669,0.275518831,0.075326204,7.310958648
138,2.463067522,0.281278982,0.550018665,2.163163458,0.221300516,0.271568874,0.086329738,7.648301949
221,1.120998164,0.227414566,0.646265109,1.013093976,0.176786506,0.225510764,0.09732382,7.564585159
225,0.559136519,0.291862322,0.533636834,1.603055778,0.19156046,0.327653325,0.103932699,7.774668008
232,0.712184992,0.236309975,0.554954081,0.997351834,0.175467718,0.194895179,0.125899829,7.535432937
233,2.42528294,0.363653625,0.53464525,1.808212731,0.227540274,0.147451674,0.087486267,7.02586031
239,0.786307156,0.189108018,0.651728376,0.308638958,0.145475073,0.176340469,0.123195833,7.331210353
240,0.900881173,0.222479582,0.595513333,0.908858499,0.107357578,0.23395477,0.083292708,7.284665687
317,2.451312061,0.226554406,0.536400445,1.761195214,0.174315334,0.203561288,0.120119444,7.616476237
320,1.888756512,0.259911653,0.454990185,1.575701716,0.122750926,0.252011105,0.118899016,7.677404891
349,1.236757552,0.202356652,0.557577357,0.964428823,0.219461148,0.299492391,0.131748906,6.553656183
384,2.760619544,0.244813955,0.500879649,1.627907193,0.189433634,0.279468689,0.116584375,7.804259851
396,-2.977099962,0.358393373,0.593153203,1.424982527,0.281001309,0.246494934,0.072567536,7.513147368
411,1.595167568,0.558593198,0.346479543,0.853584616,0.308686717,0.271154765,0.126700317,7.200989205
412,0.48393948,0.312381813,0.578584313,1.498619143,0.321830916,0.290394183,0.086836415,7.822358054
419,0.548231768,0.17714275,0.594692144,0.656061746,0.166787041,0.287272836,0.129250093,5.97266869
684,2.62809509,0.524229557,0.652204986,1.133569411,0.155867585,0.31462122,0.114451563,7.327488588
689,1.20705555,0.45932353,0.608950526,0.905671411,0.220079229,0.190455245,0.119301077,7.144935976
693,1.415558351,0.275625469,0.576152347,1.069799049,0.169155424,0.209836046,0.131279745,7.070743257
694,2.765810276,0.306917345,0.723061675,1.45401211,0.203872827,0.276209824,0.098632292,6.951199241
695,1.969407848,0.168474413,0.572594078,1.737738484,0.097610884,0.257855739,0.129249573,7.310602778
698,0.689837954,0.166836884,0.723796246,1.491671411,0.103302389,0.189618694,0.139039323,6.902566188
891,-1.576880789,0.203322897,0.596673109,1.486643354,0.0938766,0.303951734,0.084683489,7.323459336
895,2.847003562,0.298615025,0.58541561,1.678300509,0.173254444,0.267297189,0.103238051,7.542019478
940,1.323383159,0.597622695,0.528728276,0.252994738,0.186641382,0.289569902,0.181401042,7.738280834
1023,-2.908351568,0.278315409,0.666530727,1.851771792,0.164430246,0.245942978,0.083109375,6.905554794
1255,0.725686143,0.205855852,0.613803987,1.425646916,0.182503862,0.261803204,0.11273125,7.219162801
1256,0.124928412,0.42830389,0.505373085,1.231441436,0.295958959,0.318700453,0.120122912,7.567980154
1295,2.809442937,0.363137654,0.648495284,1.576834438,0.2322251,0.288928095,0.108102811,7.385315134
1296,1.363082362,0.331416481,0.419133529,0.76855064,0.109418257,0.196032942,0.101379167,6.759505454
1339,0.933396496,0.11356521,0.712957922,1.676885168,0.104165248,0.267009204,0.07882546,7.149885259
1368,-1.039584326,0.471760522,0.617360243,1.980365707,0.223721664,0.353622533,0.099285482,7.385654137
1369,2.732842561,0.264313161,0.672650408,1.336525748,0.203877513,0.273794894,0.0702,7.198079347
1372,0.565796832,0.216409973,0.564340098,1.634477477,0.159406201,0.238833882,0.096783333,7.007488036
1373,3.093813143,0.251502114,0.507751887,1.627504621,0.181272047,0.260251815,0.101059375,7.244441871
1461,-3.096028366,0.255441097,0.409151745,1.966460766,0.245658738,0.283025742,0.078129019,7.588208708
1465,-2.819297654,0.21914826,0.55416731,0.928166848,0.137028098,0.346895285,0.068054567,7.824759972
1469,2.12968095,0.10506418,0.601939034,1.452320063,0.100378537,0.275687674,0.066767351,6.634428621
1470,-2.820617757,0.17984596,0.628675603,1.409221432,0.147201788,0.186690634,0.083684115,6.967036326
1472,1.916025218,0.312541712,0.612830717,0.448790611,0.141784128,0.236331858,0.146074627,7.66643633
1549,3.037690965,0.183637575,0.642237575,1.317464354,0.128051106,0.311912932,0.103228887,7.567390268
1555,0.850214266,0.477069968,0.49711059,1.509753457,0.214730105,0.299591518,0.114783857,7.472145957
1560,-2.418252947,0.22172657,0.678679439,1.21371855,0.182211478,0.298277276,0.109091403,7.496126016
1626,-2.284189676,0.318511764,0.507220249,1.436586005,0.270540033,0.283437684,0.119390178,7.785365216
1810,1.234719786,0.35059115,0.420898134,1.445839285,0.244832356,0.252782043,0.131778971,7.657729093
1856,-2.243371314,0.316576052,0.727198753,1.889485412,0.174310659,0.248710658,0.084623311,7.466763871
1874,-2.450555456,0.160764466,0.671492122,1.185642068,0.140649362,0.283757393,0.072027365,7.174679017
1887,2.77331133,0.348737532,0.503030782,1.135348188,0.262355779,0.322946456,0.112125992,7.425556169
1889,-2.973120954,0.532113686,0.583068037,1.931998353,0.240988725,0.241822361,0.093269254,7.224410547
1895,0.972488634,0.175535867,0.495051716,1.523891882,0.180207721,0.309310046,0.116986921,7.718836099
1904,1.505119481,0.429636188,0.482773184,0.728094738,0.22265078,0.208847865,0.172378203,7.554481674
1912,1.949458241,0.177809177,0.47766545,1.587874046,0.13990666,0.340497839,0.102753037,7.111336464
1914,2.02565415,0.288465451,0.428867402,0.954250051,0.189070704,0.221143245,0.121068001,7.514373581
1962,1.485941766,0.437863157,0.568739349,0.902932628,0.259920322,0.295793738,0.133027395,7.851133468
1978,1.146650701,0.549365898,0.471250159,1.267160858,0.260429024,0.279467059,0.141143713,7.721524292
2084,1.25589439,0.238141957,0.402512674,1.086980145,0.210642948,0.297748811,0.08602662,7.222888484
2114,-2.483598949,0.155800787,0.564723023,1.310546777,0.09451394,0.316819695,0.085503487,7.513644311
2115,1.076266421,0.256226248,0.590724128,1.168811598,0.205638569,0.107701708,0.089933434,6.681631163
2218,-1.351618803,0.158522919,0.60696799,2.154053859,0.164992328,0.165554514,0.126575,7.241645469
2242,0.375249321,0.482276023,0.625362324,1.430449839,0.308040066,0.343682586,0.107064198,7.731669152
2243,2.948391431,0.192648115,0.718681577,1.695222372,0.22252215,0.266315023,0.093100586,7.464265482
2245,-2.979900719,0.120209228,0.564667085,1.759079259,0.115000935,0.321257056,0.080125333,7.144860801
2250,1.927120189,0.177439919,0.496335705,2.137977818,0.169787656,0.276655211,0.094579655,7.2072112
2251,-1.860067235,0.131791391,0.69735663,1.371661278,0.146789136,0.225236752,0.119230143,6.441793175
2257,0.182631293,0.211370053,0.543826931,0.669657222,0.252558365,0.256440811,0.060946236,7.070630959
2341,0.560198017,0.37810452,0.495858498,1.459062559,0.300161164,0.221706447,0.106292103,7.116262168
2348,-1.767600826,0.429510836,0.641034818,1.920922843,0.162017,0.187019359,0.088593052,7.241337846
2354,-0.143675758,0.174190446,0.526394006,1.34930298,0.114325882,0.240728896,0.121431669,7.066035975
2378,0.337714296,0.2480202,0.513480731,1.958148099,0.233249337,0.319094152,0.124237696,7.533101706
2385,1.274930496,0.326033173,0.610432973,1.304641101,0.202601321,0.27549908,0.143777847,7.815674559
2392,2.200937695,0.32054119,0.515579328,1.039112109,0.193082064,0.303991094,0.126028241,7.731125435
2398,2.070366144,0.35011718,0.466519414,1.143899279,0.239782129,0.269947458,0.098470134,7.306106817
2445,1.205890893,0.219372778,0.442104143,2.210800518,0.184363733,0.235859959,0.135751088,7.618257774
2458,2.180969591,0.269539369,0.474544801,1.722688405,0.171927284,0.302527992,0.121342625,7.857718161
2468,-3.084075245,0.388997725,0.481686823,1.580341715,0.173389866,0.291692264,0.106131185,7.216389097
2469,-1.956101164,0.328941528,0.648649986,1.693816822,0.161994932,0.317199269,0.091596603,7.723276752
2471,1.671842485,0.429967504,0.554278358,1.07009492,0.179170305,0.270678147,0.14005518,7.495857762
2478,-2.221993155,0.211283571,0.650181211,1.764670309,0.175435267,0.274760395,0.093962351,7.592574387
2479,2.554200795,0.292356701,0.574979509,1.317427093,0.233365238,0.277755561,0.109920868,7.287756613
2480,2.813863705,0.344044178,0.623991559,1.374994252,0.180229394,0.315488899,0.094844818,7.505406941
2481,-2.204308605,0.140852339,0.585872018,1.650367857,0.136875888,0.191836888,0.096688747,6.803423002
2486,-0.835842232,0.207706837,0.479529424,1.829663433,0.177022897,0.308344574,0.094013813,7.452534924
2493,1.353594312,0.275464576,0.534414221,1.278277009,0.258435476,0.263407486,0.146152358,7.610782515
2630,0.282994321,0.141918717,0.564054861,1.136359867,0.1333178,0.268533301,0.080630729,7.576391782
2708,0.658714699,0.149164676,0.601455167,1.377968246,0.162329345,0.241996913,0.101614995,7.473292561
2791,2.010371092,0.306822956,0.549868086,1.558208403,0.262811633,0.312141739,0.088825703,7.200374978
2793,1.46867114,0.390677402,0.504670118,1.740925245,0.196081213,0.346397407,0.074179887,7.565514327
2928,1.363133845,0.476396652,0.466883373,1.34149624,0.256820393,0.292046334,0.107935376,7.409858511
2931,1.032302395,0.31166449,0.576388069,1.746546571,0.188604306,0.231556176,0.155799897,7.631148453
2934,0.920762993,0.272204767,0.547819885,1.184760437,0.201355323,0.224299547,0.124700714,7.141901443
2944,-2.775391996,0.365878523,0.627257187,2.111180638,0.208068826,0.26125298,0.096553125,7.497225709
2948,1.119138151,0.318970477,0.621410098,0.765851542,0.14133664,0.156160486,0.186176042,7.029864736
2957,-2.033896483,0.334621332,0.474940131,1.627305297,0.289737459,0.240391691,0.154085376,7.900642425
2960,1.406579068,0.158856558,0.475287103,1.215221373,0.15157345,0.231347068,0.186179199,7.772042433
3026,2.880376381,0.237339228,0.608126397,2.044756991,0.169567093,0.20378417,0.092976252,6.752944842
3032,-2.974511908,0.336107946,0.61493504,1.103788134,0.156793599,0.28502849,0.074384848,7.441544222
3198,2.85016828,0.330703709,0.544964939,1.731851839,0.185393359,0.248938664,0.095544179,7.140008221
3234,1.377695096,0.432296765,0.525688534,1.786502314,0.317721447,0.314260617,0.088423336,7.654983295
3237,1.630192202,0.374164629,0.631136393,1.647535014,0.184402732,0.206954794,0.115546468,7.06782325
3238,2.490300263,0.280920225,0.54644864,1.758869982,0.234668015,0.317311759,0.095932427,7.37274223
3242,-2.886130677,0.371655927,0.67837862,1.081518391,0.222785639,0.314395685,0.093046296,7.818215243
3248,-2.656586984,0.322793248,0.760153163,0.603561824,0.145991482,0.164576992,0.068088889,6.566102252
3255,-2.722259487,0.089215393,0.517138757,1.396935233,0.077888056,0.306770743,0.089548111,7.54106215
3309,-0.745415418,0.186173874,0.690592827,1.917876688,0.213142836,0.270698847,0.10953776,7.695288191
3348,0.801574038,0.411154545,0.486051471,0.628227293,0.274011374,0.276055399,0.143527083,7.891164469
3354,1.163871815,0.32729294,0.558108353,1.116256646,0.267653234,0.33354552,0.103937467,7.653588356
3359,1.032033927,0.421437514,0.419625315,1.350105369,0.316165471,0.321454662,0.09054591,7.626260222
3663,1.477682895,0.452743037,0.556550379,0.743459427,0.350970201,0.322915956,0.116160075,6.364499018
3667,1.340874541,0.451595685,0.460933524,0.6494084,0.214174858,0.216583262,0.141285896,7.615093791
3676,2.739751144,0.138477764,0.55157464,1.748345455,0.10025898,0.218929043,0.1305503,7.060559669
3677,2.010176238,0.52022653,0.515017326,1.443578675,0.257489275,0.30188381,0.096884231,5.165751862
3678,-2.377133647,0.15744003,0.644978748,1.288952097,0.103162931,0.250858955,0.09781276,7.197706617
3679,0.968131663,0.414872019,0.57828327,0.763179195,0.233601989,0.211359991,0.117228053,7.098149057
3685,0.742067769,0.209580135,0.4830833,0.880115948,0.075413961,0.112395647,0.156475168,6.792690104
3698,0.669205864,0.270117147,0.466288324,0.95045446,0.127191637,0.216616378,0.121109007,7.333152976
3722,1.02693741,0.30173975,0.62271117,1.088339846,0.210589904,0.232330348,0.109171348,7.716867854
3734,0.929344949,0.270978028,0.620958972,1.116990749,0.267762412,0.288158373,0.121142426,6.661616377
3744,0.35077319,0.349369144,0.544678639,1.980235645,0.286367036,0.29340333,0.115376555,7.001686028
3756,1.193274406,0.438042412,0.486205113,0.943986489,0.200228141,0.273163299,0.148217354,7.627003399
3764,-0.838916612,0.283674849,0.528245623,2.142992069,0.202502065,0.316061251,0.087242188,7.830969086
3807,1.142374786,0.225528051,0.545494813,1.035487648,0.17249397,0.227458478,0.152786183,7.558223172
3814,0.677014241,0.564499593,0.411866101,0.857358474,0.337165378,0.361443734,0.072981982,7.081935959
3822,0.626130508,0.231941039,0.623939429,1.218929392,0.179833591,0.277206112,0.129328824,7.090202307
3824,-0.098017969,0.16981005,0.595094524,1.302904553,0.160729934,0.299787599,0.124372222,6.260217031
3834,1.957125358,0.330395887,0.360997065,1.4969886,0.2387519,0.261231215,0.143296875,7.572257062
3837,2.0697972,0.163349843,0.430489555,1.832205112,0.193151706,0.329222302,0.075739583,7.578700838
3891,-2.679467541,0.141237035,0.612660725,0.101438321,0.132189041,0.089204614,0.129470313,6.131936232
3910,2.900947713,0.099359649,0.57878655,1.099102551,0.092820892,0.217129082,0.11915625,7.647013851
3920,-0.439641451,0.142151714,0.530546612,1.034121037,0.126143012,0.19937614,0.093900482,7.411453803
4004,2.587578082,0.405572462,0.370100081,0.949219777,0.222693898,0.205096021,0.138336069,7.234686313
4008,-2.179422401,0.3332484,0.620057407,1.169362545,0.273098026,0.248446878,0.080843583,7.203298188
4016,-0.155066173,0.190293673,0.641178974,1.124077846,0.139160161,0.285264328,0.118590529,7.027718825
4123,0.185014746,0.062581801,0.599305957,1.492399392,0.034088063,0.118164683,0.048069959,6.448913021
4130,0.618632772,0.403974905,0.730804994,1.220876855,0.186827044,0.300872659,0.030074447,6.109208823
4144,-0.135400849,0.310601304,0.553670652,1.684937271,0.22620449,0.117457665,0.116028831,7.083081302
4153,0.527432089,0.364365061,0.681450549,2.431572196,0.100505783,0.212284135,0.105681335,6.969090045
4158,-2.982714568,0.341524298,0.589406886,2.10190248,0.192023507,0.171270732,0.110812198,7.435211044
4162,-1.017686286,0.254843319,0.648926196,1.975062584,0.15030145,0.142072894,0.132141564,6.935492249
4173,-1.447509179,0.345859162,0.472266035,1.692899066,0.228422452,0.152879621,0.095253969,6.963991571
4175,0.092293738,0.394713372,0.65428165,1.439445594,0.134248092,0.149807483,0.10579375,7.055386775
4178,1.969610079,0.186484617,0.720860404,1.440847699,0.14562344,0.256759026,0.099857169,6.684963916
4219,-3.123093834,0.274286316,0.569489773,1.530501701,0.229420955,0.293979276,0.104534115,7.914971526
4322,1.832652848,0.329168662,0.582388521,1.400883377,0.191266898,0.175174419,0.10555625,7.303096486
4323,0.627205938,0.356124684,0.630368012,1.403386065,0.150896847,0.259816497,0.108064016,7.279111852
4366,2.956511458,0.202974825,0.544973545,0.903717999,0.140116957,0.242457386,0.093271891,7.321116226
4372,0.329375987,0.136722146,0.607868307,0.645757251,0.15083429,0.303288816,0.087607504,6.626376342
4375,2.794342474,0.286194583,0.53975812,1.117455058,0.120913389,0.332990182,0.12426979,7.649222091
4383,0.839637693,0.499250529,0.629253761,0.458111648,0.287231278,0.230214603,0.146923065,6.603373838
4397,2.044003803,0.493118488,0.632328399,0.995912539,0.217107527,0.301657195,0.145377078,7.723186756
4398,0.862099717,0.206389887,0.500213241,1.093352407,0.219756636,0.209318302,0.153549445,7.710819742
4482,2.499629284,0.45853249,0.567168954,1.334170953,0.163293372,0.264939091,0.0889,7.55582066
4495,3.070459432,0.313369904,0.523250773,1.660553615,0.193625223,0.285387506,0.095909626,7.324190803
4502,0.126689055,0.091595108,0.568654992,1.221020582,0.093767605,0.224531099,0.10539888,6.927406052
4504,1.660325955,0.47725988,0.504270181,0.767389751,0.298007249,0.265510282,0.127925002,7.460119721
4506,-0.123408697,0.166324973,0.586937377,1.114077335,0.068653736,0.186721198,0.107050771,7.325491119
4518,0.95580516,0.259519594,0.523038523,1.20169462,0.16777406,0.290243232,0.121443685,7.739819957
4523,2.651405855,0.198961103,0.507394044,1.044388016,0.141093888,0.228206629,0.049163253,7.482856971
4541,0.295192773,0.188280406,0.575005311,0.764003593,0.101049074,0.257162409,0.151356309,7.452828103
4561,1.78626525,0.38471056,0.597865519,1.337852148,0.262812396,0.255555017,0.101335316,7.108481649
4569,1.498640784,0.317264601,0.619693484,1.485867444,0.238672253,0.164697101,0.099939276,7.390735127
4577,1.564677182,0.427589943,0.516722981,0.863357648,0.254341128,0.26257304,0.164257349,7.436813187
4578,1.161634784,0.385218566,0.544688771,1.27420786,0.293122626,0.266948902,0.085820198,7.580035121
4605,2.194385044,0.173643232,0.434220732,1.922984943,0.175657383,0.166425691,0.122859231,7.405204639
4608,-0.640799069,0.126538092,0.54083786,1.177929458,0.142588177,0.246023248,0.081007004,6.155226603
4642,0.228418564,0.507068305,0.731101603,2.38922502,0.177998925,0.175284472,0.103743219,7.126363911
4650,0.190494305,0.360115256,0.649807402,1.12959948,0.136551656,0.23301001,0.117815625,7.443294044
4687,-2.737354146,0.186518097,0.552263572,1.220697931,0.130197158,0.334859948,0.0875295,7.341087213
4804,3.07703442,0.147678862,0.60513134,1.469287321,0.152599573,0.26402323,0.061906502,7.665159124
4813,-2.819059388,0.157852502,0.512464875,3.036211955,0.176352728,0.278737957,0.089998349,7.647459367
4888,-0.362390401,0.138827813,0.53260677,1.45276021,0.115896523,0.227071014,0.084954909,7.706131633
4897,2.506047947,0.243163524,0.752702405,1.844447962,0.104814308,0.148427535,0.097650295,6.5408212
4911,-0.402370029,0.22851478,0.511106281,1.772797244,0.173988078,0.271023234,0.13058665,7.893622318
4914,0.826689581,0.293908356,0.584545589,1.179332126,0.220763918,0.259303214,0.140298843,7.784080502
4918,0.531389933,0.383145869,0.60372303,0.726630668,0.234364778,0.232090225,0.140813828,7.759131482
4961,-2.887089718,0.172317048,0.600679624,1.330204658,0.069964914,0.186492939,0.097601042,7.071575561
4966,0.493506434,0.197783336,0.598498236,1.740389648,0.173269173,0.27868339,0.090649115,7.357998404
4971,-0.653980798,0.105687135,0.669416034,0.874503251,0.08131845,0.339980992,0.042130006,7.179959021
4980,0.956282607,0.151662194,0.404628195,1.22749359,0.141314421,0.23318239,0.070729167,6.887999052
4982,0.197587252,0.404773361,0.4764826,1.974646721,0.306477686,0.265407592,0.077928384,6.726933736
4983,1.563444831,0.239782065,0.577323983,1.001152045,0.064677877,0.186935489,0.134442139,6.487160546
4986,2.778326233,0.341975208,0.628569537,1.219225975,0.101099757,0.189735863,0.106664063,6.614720403
4987,1.753627566,0.334793753,0.66032858,1.016242869,0.131738208,0.255807839,0.137786328,7.60676162
4988,2.263355867,0.429945562,0.539407097,1.407260457,0.196090741,0.292177814,0.132057329,7.581349105
4990,1.83394341,0.392433717,0.615994263,1.588663323,0.159180513,0.282531652,0.113148689,7.77366604
4991,3.039851571,0.336127258,0.613077855,1.543653334,0.227011197,0.25418936,0.068570663,7.513137595
4999,1.725137671,0.245229243,0.500485658,1.039377323,0.119023125,0.228958516,0.12283198,7.243862666
5002,0.766310751,0.395097351,0.433590902,0.627579215,0.264558214,0.2190959,0.139828799,6.918514025
5005,2.373558286,0.286064058,0.645716052,1.48016982,0.226862935,0.274604417,0.101862934,7.81379894
5012,1.699906722,0.260538954,0.624169906,1.574956809,0.119412751,0.284552147,0.113874479,7.400447691
5016,1.856371262,0.40800403,0.586574671,1.407047685,0.302783845,0.251729401,0.114009028,7.721598351
5017,2.281533128,0.283141415,0.586071181,1.411701262,0.113022928,0.199838917,0.093904622,6.497047856
5045,1.175798203,0.212039833,0.572738483,1.243369856,0.206959767,0.211901883,0.122472763,7.43629457
5073,0.319700985,0.234466022,0.554171619,2.059272569,0.187280104,0.222765166,0.084220493,7.525331814
5134,1.87901383,0.434718264,0.583366599,1.060244613,0.393010474,0.274400403,0.108719567,7.39245323
5135,1.82276982,0.40764431,0.577154322,0.981146063,0.211514506,0.27112584,0.13618724,7.749480744
5137,0.885434217,0.429588986,0.633599738,1.526059701,0.292600898,0.287773203,0.119674117,7.593836846
5165,-1.212810504,0.116052363,0.682814226,1.534330652,0.113688861,0.236866008,0.0746789,7.082634057
5166,1.407863541,0.111643099,0.649430779,1.566057404,0.121506352,0.220806925,0.072750087,7.363916888
5240,1.108688248,0.216810813,0.449400346,1.129611946,0.174579496,0.178581082,0.140441081,7.50831431
5245,1.671400399,0.335608594,0.513355194,1.075545496,0.196194921,0.232275632,0.137968229,7.719603207
5277,-2.641629097,0.374631301,0.608596857,0.629030224,0.252633244,0.341043535,0.052711458,7.650321561
5279,-2.535444804,0.583012428,0.491564615,1.395518087,0.358534418,0.223647557,0.116190338,7.198931229
5360,-0.556314462,0.15238127,0.375282595,1.479236623,0.101994655,0.291107988,0.065090386,7.14616033
5371,1.568911225,0.085148975,0.59607421,2.046783974,0.104176225,0.230663191,0.091988806,7.683712136
5380,1.605123564,0.278281431,0.55504384,0.680328731,0.175940823,0.208303221,0.15771389,7.686666192
5445,2.937195231,0.379011206,0.642087972,1.254522201,0.164318755,0.278062253,0.089983548,7.402255232
5449,1.12728696,0.265480813,0.583533993,1.263815619,0.263393539,0.288052794,0.087881366,6.116744455
5451,1.724577396,0.324298918,0.563688197,1.99631747,0.186948236,0.198235288,0.086550941,7.159358561
5457,1.515533677,0.404949751,0.575547804,1.342476365,0.219643857,0.251480862,0.134539795,7.735358205
5541,1.470099097,0.458227008,0.439562571,0.832556569,0.245894147,0.240072838,0.135091667,7.492766876
5546,1.481407972,0.305590759,0.49340662,1.124117391,0.184729525,0.196646535,0.161164844,7.59592419
5550,1.571540188,0.583349382,0.510362064,1.059548094,0.254151831,0.278534705,0.143039193,7.879953971
5557,2.337860869,0.357199397,0.521204758,1.320099548,0.233567332,0.342546619,0.101710796,7.652712307
5560,1.33549743,0.327779495,0.510085107,1.348957857,0.213843064,0.261299708,0.141367914,7.606594856
5573,0.609098148,0.436145704,0.509992978,0.953983993,0.231369033,0.233147868,0.099472682,7.650958132
5574,2.062377182,0.26078867,0.509002144,1.201718897,0.165068805,0.271091024,0.123066667,7.245159998
5577,1.127912235,0.278283049,0.655912136,2.149541761,0.176636547,0.260105876,0.1185766,7.262117743
5578,2.011949344,0.478411225,0.652060863,1.880698143,0.255765588,0.18599351,0.10512,7.210840482
5579,0.653167275,0.171047267,0.554248603,1.327775228,0.147948694,0.262419891,0.140856902,7.711629228
5583,2.505969832,0.2544494,0.622261612,1.298706911,0.155676038,0.283306082,0.112927778,7.545280461
5586,0.440942998,0.364318431,0.635389665,2.127457615,0.130999216,0.213542594,0.098535417,7.243735549
5599,-2.304311196,0.120139588,0.741936247,1.513798759,0.066666705,0.163980199,0.076356069,6.837708367
5645,1.813996677,0.286048115,0.515545504,1.465541552,0.153326366,0.277563134,0.117576369,7.610699699
5653,1.35750766,0.372445525,0.514375218,0.928055259,0.230097646,0.272184297,0.136315833,7.834931217
5659,-3.117132182,0.17804937,0.556357943,1.664538645,0.143497762,0.291370722,0.104389063,6.680209598
5661,2.416458238,0.217408283,0.659935737,1.46725985,0.211086313,0.231939056,0.109341125,7.590806586
5664,-2.977541795,0.106553314,0.581974775,1.616496108,0.116852914,0.220055257,0.082539063,7.291565586
5666,1.194780756,0.294817377,0.555825018,1.501965681,0.299774651,0.322569877,0.117436091,7.381736019
5670,-2.462690838,0.147037161,0.595064217,1.589950373,0.144174419,0.33974292,0.093296712,7.712239484
5675,-0.702520805,0.236672208,0.562383228,0.823020273,0.192687465,0.295120908,0.088962975,7.411777941
5676,2.943021719,0.281372257,0.627646054,0.625834983,0.174330353,0.293229337,0.080599467,7.618624866
5677,3.108106059,0.133871269,0.6764075,0.992638445,0.120570769,0.200448259,0.051730185,7.447918315
5814,1.270688704,0.228749712,0.500880274,1.326648255,0.185282835,0.251546809,0.090107633,7.772734103
5844,2.805733293,0.198403677,0.643071812,1.376109126,0.148498527,0.287343006,0.098490104,7.54550904
5874,2.327344105,0.363617907,0.550665061,1.554010478,0.163835345,0.266489643,0.103495687,7.610257544
5886,2.144116393,0.381882659,0.452569412,1.079540351,0.185200287,0.320416019,0.122535185,7.601327093
5904,1.312280965,0.465620886,0.342821413,0.432996529,0.212215817,0.182991849,0.12206014,7.166441604
5908,0.232478508,0.361371883,0.648429648,1.718669227,0.145114733,0.264421635,0.138278035,7.505398387
5953,1.120872033,0.27019622,0.552069336,1.827139929,0.146308468,0.244639207,0.105579376,7.421831319
5985,1.426298746,0.531222504,0.432910315,1.454239383,0.277947907,0.290570764,0.113377455,7.598296436
5987,1.415468863,0.303837947,0.586343473,1.826487861,0.170382193,0.281720772,0.104141433,7.66286274
5988,1.378155741,0.292556965,0.382036302,0.943543365,0.204802437,0.233833658,0.132232553,7.620109602
6007,0.419398382,0.414217665,0.599126754,1.370152616,0.173367645,0.238094025,0.151881019,7.618619081
6011,2.833774579,0.246875048,0.623389904,1.346910688,0.204167081,0.301035703,0.106833333,7.426828983
6012,1.490934982,0.347475856,0.552218408,1.827007736,0.129590352,0.251713815,0.092191297,7.259675179
6014,-1.23507507,0.339927719,0.765762751,2.111346271,0.160835122,0.241000323,0.087183594,7.274783273
6017,2.440111231,0.275222012,0.596265724,1.898076255,0.195107091,0.217284989,0.103440095,7.332544368
6019,1.248875035,0.406713248,0.65699677,2.25636524,0.203367703,0.160011488,0.09095459,7.160849402
6041,2.874154786,0.235656438,0.507728268,1.9448693,0.205417401,0.277690162,0.105014583,7.657074537
6046,-2.890696135,0.204898809,0.518749084,0.807898285,0.123403266,0.214292235,0.138560677,7.683530937
6056,-1.899591267,0.240884902,0.575534085,2.104689098,0.249729574,0.184897776,0.113514352,7.194713745
6063,2.942270452,0.444462392,0.451985361,1.089725707,0.333073961,0.382078462,0.094920099,6.918012563
6066,1.501919554,0.353847593,0.539599059,1.256571762,0.188879275,0.238054379,0.114077705,6.856480509
6073,1.497292441,0.403893136,0.547210787,0.776813554,0.201545752,0.253276248,0.125754675,7.611609733
6076,3.029300934,0.447067069,0.58219369,1.449432526,0.22329447,0.214636665,0.071642915,6.675029356
6078,1.794994115,0.423583158,0.646019941,1.141491609,0.181990531,0.265217655,0.117552598,7.446330745
6100,-0.799435513,0.498885233,0.477126361,2.071518154,0.367874401,0.308946109,0.120544948,7.679765592
6155,1.85083977,0.217476595,0.577633739,1.407221182,0.238141758,0.297278273,0.130137602,7.038410181
6187,1.669059237,0.29493841,0.511082289,1.962341908,0.223795382,0.299999657,0.110415971,7.592306236
6190,-2.23253825,0.340820298,0.629257294,1.714169435,0.276326942,0.230742393,0.102287268,7.572157161
6272,1.373593033,0.249093661,0.575767896,1.550745946,0.185191106,0.268440842,0.145411809,7.607898694
6326,-2.265886131,0.15035995,0.595944235,1.454361629,0.115085128,0.29244175,0.101307507,7.643169167
6340,-2.433947706,0.13264602,0.609351624,1.253233843,0.141529058,0.242796785,0.082982076,7.022983895
6341,-3.123752377,0.242120939,0.576725934,1.008439532,0.162480398,0.182513704,0.091735,7.322926936
6348,-2.596639352,0.321340815,0.576847753,0.876861861,0.174909766,0.294720141,0.086300476,7.659653663
6374,1.187925323,0.618777298,0.577357197,0.63238474,0.353013546,0.241254762,0.116557407,6.48909891
6381,1.007415077,0.375858544,0.577778523,1.33361432,0.199939782,0.280296223,0.138603675,7.72107687
6386,2.749083584,0.354205262,0.565639291,1.209782466,0.160095147,0.314712665,0.105401357,7.198981242
6387,0.405272604,0.346957709,0.503318734,1.66263814,0.216615227,0.301820317,0.159544792,7.545713959
6393,2.23509378,0.31306163,0.615659645,1.325618027,0.152799741,0.287968032,0.117433854,7.252828696
6395,1.468074046,0.424744993,0.525629349,0.733542055,0.218354644,0.215810235,0.147669345,7.422866446
6396,-0.64738915,0.409163539,0.616780477,2.087191048,0.261676781,0.253488351,0.106872685,7.722058808
6399,0.728462416,0.321838175,0.558957002,1.326360405,0.238509434,0.309339468,0.140784163,7.456550587
6430,1.075428048,0.370569815,0.575453264,1.415457558,0.311408317,0.338942859,0.108906963,7.125422927
6433,2.224669834,0.418796951,0.409742509,1.336534445,0.235841691,0.253932015,0.103755764,7.554234178
6470,1.781783002,0.441557847,0.474347956,0.73623321,0.231165043,0.240567447,0.155691783,7.642584607
6561,0.226787546,0.455732016,0.521258614,0.817833895,0.199763458,0.263466102,0.119235277,7.746733285
6566,0.282773541,0.128671501,0.485402173,0.914959245,0.134990625,0.146773315,0.147472917,7.11405579
6583,1.52291822,0.240744891,0.506193816,1.10848102,0.207237003,0.217985658,0.111857143,6.949415251
6597,2.440926061,0.248985267,0.618978033,2.095080783,0.199663687,0.2374394,0.107790698,7.392565442
6623,1.119848984,0.249094785,0.448451516,0.769479724,0.139548923,0.220408566,0.153483743,7.564508908
6625,1.441801236,0.201036235,0.538901197,1.357405857,0.171304057,0.21711497,0.147307832,7.487130637
6632,1.12754731,0.103799141,0.62007477,0.907620411,0.09587538,0.128084712,0.172636986,7.108747314
6635,3.006270951,0.112309963,0.573140057,1.749566558,0.112467326,0.227666762,0.119858845,7.608958315
6636,0.169211309,0.1811158,0.588127755,1.132231643,0.188790287,0.189658683,0.140908559,7.593455846
6638,0.666510823,0.182947575,0.609374447,1.45432281,0.179535018,0.293627323,0.086434965,5.831503817
6639,-0.987506924,0.39773601,0.779876997,2.36303682,0.256190068,0.234500171,0.128578923,7.691999274
6695,-0.845313934,0.184106372,0.515113753,1.010490295,0.134950471,0.279904822,0.087312848,7.68107046
6790,2.796242515,0.361956963,0.510218501,0.84772405,0.244076727,0.173984026,0.1387625,7.178834758
6796,1.494609762,0.420591697,0.59633056,1.151994612,0.205223554,0.248921969,0.133899537,7.577884395
6809,0.727896079,0.311963055,0.48038049,0.835780192,0.120139704,0.217372743,0.109472135,7.615772097
6826,-2.688456032,0.26503305,0.741777326,0.39564167,0.203164285,0.134409199,0.087531621,7.377174679
6830,1.116954524,0.182041256,0.600400726,1.558479391,0.157908001,0.13714988,0.112746898,6.935950005
6837,1.43143668,0.190980147,0.549729608,2.006302561,0.175294927,0.171656903,0.08396224,7.120200808
6852,-2.765485403,0.570530118,0.750951397,0.072334321,0.276031208,0.251067901,0.093555072,7.10366393
6853,-2.575573979,0.214837411,0.65753075,0.092231578,0.094131235,0.212742162,0.136845333,6.653783186
6891,-2.589113866,0.152457634,0.526966682,1.190058344,0.122145894,0.277163327,0.066943259,7.24963527
6916,-2.61250094,0.300352701,0.52156588,0.639089765,0.18731738,0.301916591,0.084440231,7.465863927
6922,-2.426138494,0.419993838,0.783041799,0.099259911,0.203232386,0.114286483,0.096416927,7.267886673
6937,-2.397083655,0.233166815,0.710325395,0.453188774,0.136446415,0.314574073,0.077945991,7.069773214
6962,1.962314506,0.350676053,0.615989877,1.434661046,0.143247774,0.255007283,0.110123698,6.667921501
6965,0.207338776,0.210743449,0.624677938,1.488082214,0.105646862,0.228605216,0.089416658,7.595601
6967,2.896335033,0.226419195,0.569510421,1.73178552,0.222948746,0.226208788,0.08690292,7.259280761
6971,1.04558942,0.150421972,0.671132674,1.251117438,0.169340208,0.242431957,0.083021077,7.141487763
7036,-0.232923549,0.250949108,0.593114553,1.444148279,0.175909027,0.148201963,0.121933333,7.022888399
7039,1.118927435,0.21209275,0.590766072,1.236378939,0.159138743,0.24561127,0.125121836,7.638322513
7171,0.959098774,0.456016242,0.523317798,0.844902868,0.258414379,0.267582743,0.149350586,7.432549854
7286,-0.300271445,0.197261135,0.612753903,1.545231043,0.175134711,0.305537663,0.068092956,7.429469782
7387,0.870847554,0.234338673,0.563258016,1.338382634,0.208924983,0.277043285,0.108171935,7.835087198
7482,0.642495009,0.229318902,0.493291573,0.946847418,0.1404067,0.201292188,0.142235438,7.562649637
7486,1.043104941,0.417598197,0.510054182,0.691345092,0.254587261,0.217405454,0.166196752,7.603564755
7489,1.52236318,0.431376436,0.477954676,0.469725866,0.184897721,0.207648394,0.165665488,7.567628955
7493,1.455928383,0.213487301,0.610314297,1.270017238,0.192109541,0.242357026,0.133544669,7.713259794
7504,2.98674291,0.424357399,0.580199754,1.349737832,0.246320438,0.277249752,0.090058252,7.75183507
7513,2.080243382,0.310271773,0.615526853,1.56667575,0.169326176,0.287478158,0.117833723,7.454408247
7517,-3.063719435,0.155150339,0.589218294,1.724772005,0.134099227,0.219024367,0.103275146,7.451891323
7522,3.028136775,0.427357763,0.663172793,0.81783284,0.237919282,0.30497259,0.101724625,7.719999187
7524,-2.802475173,0.268751396,0.55342025,2.001975209,0.152162787,0.251952326,0.090183542,7.532326774
7533,1.508814836,0.310425592,0.560076046,1.259531002,0.202193499,0.310712974,0.071026304,7.790312909
7537,0.8535995,0.263097052,0.454424367,1.094111876,0.236185724,0.31291402,0.097013855,7.113220336
7539,2.915288777,0.245485713,0.523534611,0.973492647,0.212357697,0.302183131,0.11976237,7.604056297
7575,0.146066312,0.235747004,0.614334781,2.238426201,0.196737519,0.206018752,0.115323438,7.621060156
7596,-2.431437173,0.293256378,0.667727402,0.916707112,0.217562979,0.287716065,0.095710754,6.691592381
7626,2.856474893,0.383853361,0.522322559,1.32494552,0.233312464,0.363595381,0.084108175,7.646926526
7627,1.539679459,0.473918753,0.498740321,0.356096978,0.18299923,0.232028791,0.146513542,7.370884604
7628,2.511481221,0.655573192,0.501574154,1.320885914,0.20422801,0.202757553,0.10363416,7.072708555
7629,2.085388504,0.315340292,0.667773656,1.298194934,0.22057698,0.279974863,0.124659305,7.472501526
7631,1.337177081,0.324794589,0.517501909,1.288728021,0.21394973,0.220151886,0.105974356,7.260009574
7632,1.351066899,0.386842022,0.492965618,0.626225867,0.178088213,0.199489852,0.17380253,7.506959679
7634,1.278522434,0.395191769,0.592432508,0.713945176,0.260064164,0.24674006,0.121505737,7.485162945
7637,2.194238208,0.475564491,0.649809103,1.154078092,0.22349894,0.291770989,0.134521484,7.728234797
7684,0.517757845,0.076133919,0.638847595,0.968259733,0.07442514,0.288117269,0.091873805,7.04936567
7689,0.805086663,0.30960326,0.487096306,1.708051718,0.14651214,0.17115915,0.110341797,7.04901002
7734,1.79970822,0.186237591,0.565196158,1.549066804,0.167368282,0.256221219,0.083330154,7.271953556
7767,-2.75448438,0.41029966,0.637647743,0.920577229,0.170338127,0.259320101,0.067644596,7.469514809
7772,-1.886447025,0.127716568,0.615329453,1.074379806,0.055898166,0.178948967,0.088642764,7.064796761
7794,-2.830453169,0.390829881,0.593753297,1.803553091,0.213902269,0.324706695,0.107385677,7.51067092
7891,2.732909612,0.149838481,0.616694569,1.110736331,0.156534813,0.307432953,0.111027083,7.226021049
7932,-2.927472975,0.217093303,0.529575481,1.804749623,0.18351906,0.323601105,0.073019544,7.801473152
7933,3.125656325,0.262538006,0.581480478,1.009201594,0.146377109,0.283764388,0.081414541,7.470852809
7934,1.669562832,0.264729992,0.565192668,1.500351364,0.208668917,0.263266476,0.076768419,7.652808712
8046,1.418285534,0.146304697,0.569738483,2.517221037,0.187110335,0.263285182,0.085650025,7.285013251
8049,2.023605208,0.491226181,0.554997308,1.393844292,0.242214402,0.256997727,0.107461929,7.662967223
8058,1.785079075,0.159347254,0.71615593,2.030934314,0.122040131,0.275158872,0.068360138,7.09694477
8104,2.855518193,0.274778977,0.640742177,1.676092602,0.136819423,0.269359179,0.117278646,7.459128537
8112,1.837938194,0.270657493,0.533157968,1.401010223,0.176106609,0.3033494,0.130821615,7.416349461
8119,1.33381308,0.385794568,0.660253451,0.86147541,0.294966901,0.25388397,0.158912095,6.512107682
8208,0.43539421,0.396922229,0.653762804,1.547167405,0.273132563,0.224831107,0.141778971,7.306809378
8210,-1.13448447,0.221246581,0.535418589,1.44258623,0.145059679,0.243628077,0.11739401,7.599497246
8217,3.017452264,0.383521881,0.717452113,1.367599581,0.237397494,0.303806164,0.101309772,7.573290118
8219,1.145882502,0.403602044,0.543730888,1.238765882,0.234201848,0.302720794,0.111954053,7.647774746
8241,2.147859258,0.433260819,0.64020292,1.402913948,0.180085046,0.310316283,0.130025652,7.713513313
8245,2.400342375,0.40965996,0.694810906,1.430713904,0.149648949,0.159720934,0.116685677,6.983758086
8248,1.672565645,0.160962833,0.647048902,1.351974362,0.152592519,0.199698018,0.127393579,7.412728184
8255,0.731198267,0.283100172,0.666683969,1.966257734,0.131957596,0.173353164,0.07893196,7.050574472
8321,1.807168051,0.42762735,0.53129099,1.192933133,0.25477342,0.323526176,0.100662435,7.532723329
8344,0.917886711,0.285060914,0.528522141,0.942609642,0.220108354,0.190614598,0.134029706,7.440251618
8347,0.95756,0.306570393,0.623281317,1.31667551,0.162951594,0.268007988,0.139181614,7.724185691
8350,1.879190366,0.360525245,0.613668455,1.567820139,0.232972445,0.244723284,0.118578593,7.312079559
8355,0.423705513,0.312313851,0.597184852,0.497292505,0.132710538,0.215521752,0.125764497,7.494032087
8369,1.82370416,0.356755177,0.538844429,1.472162929,0.20196677,0.287508968,0.130604744,7.703049061
8378,-2.777027335,0.187757512,0.620182187,1.016750413,0.158848447,0.217870157,0.107478301,7.547848633
8411,2.703573347,0.349839145,0.573791316,1.770804683,0.194720525,0.298363423,0.115224361,7.692777282
8419,-0.062582761,0.194761961,0.579294261,1.18019365,0.172038643,0.274298475,0.096321142,7.758750037
8427,1.664520442,0.509411748,0.420703909,0.695229673,0.247941424,0.309766261,0.122490104,7.207929227
8428,-1.272851194,0.379120999,0.648247947,1.93477611,0.249756884,0.290609593,0.117400349,7.743873789
8429,0.57035349,0.249986,0.589912391,1.67205005,0.267909841,0.254484102,0.095858506,7.030367499
8434,1.900682461,0.350517942,0.521483891,1.100447068,0.245252631,0.286781673,0.127751668,6.810064902
8436,-2.457875041,0.339913297,0.669005068,1.772620943,0.195493613,0.268993235,0.110112305,7.702360441
8484,0.562920248,0.190556732,0.606870145,1.676447634,0.135058584,0.17120368,0.08040681,7.192754189
8497,-2.119567081,0.104279979,0.617940853,1.490765042,0.098872965,0.20313915,0.083911737,7.210969667
8519,0.865623467,0.15528242,0.451434499,1.794186236,0.194948991,0.314125558,0.095505728,6.949663581
8549,-2.335147511,0.257398976,0.646463264,2.23311449,0.224535194,0.230200667,0.110949219,7.393992428
8552,2.193749131,0.283296286,0.552438681,1.690629254,0.272527948,0.253299361,0.104014544,7.200690289
8553,1.06567888,0.39714425,0.589364388,1.423184828,0.195999923,0.231163221,0.128866472,7.279388401
8555,-0.235989453,0.531803229,0.563871868,1.924210569,0.295303354,0.341637821,0.107428908,7.829597227
8630,0.281415319,0.334375281,0.523060455,0.712271549,0.220490738,0.261088845,0.115115096,7.346718887
8663,2.781667167,0.128082553,0.538246369,1.131051506,0.116420117,0.286444814,0.087883631,7.642705947
8755,-2.636892455,0.401202899,0.647854547,0.331238592,0.181814503,0.237318681,0.082213243,7.485392957
8844,2.85557385,0.152627951,0.587797032,1.69562143,0.134784264,0.261149626,0.101569087,7.461004846
8901,0.430416441,0.36237311,0.588128397,1.127898276,0.193518557,0.251945153,0.128931417,7.62187167
8906,0.381082198,0.237313377,0.669671473,0.910332319,0.203575345,0.185255189,0.092958488,7.399388107
8915,1.103348887,0.271627576,0.49316081,1.61088438,0.209074774,0.323407013,0.123770345,7.734369881
8917,0.359079324,0.561876799,0.682200902,0.996559726,0.264128366,0.207435039,0.108811696,7.199487862
8919,2.489381405,0.269098043,0.509428607,1.852908303,0.206819976,0.244494795,0.070287476,7.3948067
8920,0.478059127,0.309338751,0.502144567,0.790473769,0.187770309,0.104107438,0.088027795,5.974214869
8965,3.132052243,0.303739387,0.634450782,1.479059815,0.150944017,0.240725995,0.136213235,7.098797808
9027,0.96373705,0.100845691,0.505731785,1.601168373,0.143532142,0.303195473,0.074452082,7.321730677
9031,-2.216644922,0.424991327,0.601209086,1.152933852,0.236712774,0.326300431,0.094888752,7.379468131
9072,-2.723584276,0.275258367,0.46425334,0.619897505,0.217703794,0.163974243,0.075014523,6.11975951
9141,1.669245537,0.34125533,0.506951462,1.350913113,0.228565759,0.244923445,0.117059867,7.108875021
9153,-2.630147263,0.109360184,0.490712165,1.150391587,0.079687423,0.187252986,0.103939318,6.743546947
9221,3.088696675,0.512151446,0.748111157,1.585702652,0.241284474,0.225418341,0.117343165,7.325605349
9307,1.615683813,0.364554632,0.538957427,1.222249011,0.346592065,0.336046945,0.103021018,6.928929721
9317,0.758907084,0.179449872,0.567924066,1.393071743,0.196634954,0.312936759,0.103673935,6.87854385
9432,2.495890226,0.224821768,0.677476147,1.388786108,0.199616169,0.283821676,0.098551747,7.657006126
9436,-2.565979968,0.04819183,0.740242976,1.188361661,0.054043301,0.250986827,0.113276263,7.429720982
9511,1.346755729,0.590702102,0.507526873,0.890625581,0.401342873,0.319775568,0.134453615,7.456820495
9524,0.699300853,0.475394471,0.553074449,0.755081303,0.244975415,0.22905539,0.152706324,7.685620673
9527,2.385903101,0.387490437,0.501852424,1.80402229,0.226155892,0.25998995,0.105447318,7.362368367
9529,0.903150929,0.368122641,0.683584792,1.14531865,0.150427493,0.234654815,0.139672445,7.343637856
9537,0.445658764,0.313888671,0.596769305,1.919307408,0.115008193,0.229484451,0.108036623,7.500769035
9550,-2.608570049,0.197995342,0.660284774,1.03749816,0.127255688,0.306831641,0.07130299,7.666590354
9559,-2.330965573,0.424665129,0.608000329,0.702504505,0.18910472,0.262562942,0.077928208,7.505614567
9666,1.579755665,0.488548993,0.492028544,0.592928273,0.254132865,0.282110828,0.131505534,7.826499709
9667,1.69527079,0.388970892,0.63137879,1.424419224,0.230505708,0.257073538,0.13632749,7.634660126
9672,1.845205691,0.518268754,0.394620886,1.011618995,0.338133871,0.362395806,0.11774537,7.035208675
9694,-3.039874588,0.144639221,0.585422544,1.241394124,0.140647172,0.349740509,0.107619288,7.418530909
9696,-0.760652748,0.0663716,0.762048505,0.676028401,0.05387203,0.232758828,0.074828489,7.412118305
9699,1.870966366,0.171228288,0.543006045,1.027588433,0.127170862,0.197385008,0.085325158,7.500625643
9700,-2.495964924,0.296987285,0.622865189,0.6363135,0.195622152,0.256099156,0.085394748,7.797706795
9780,0.878774402,0.275378075,0.554339939,1.582720743,0.164500635,0.237401914,0.132199605,7.17195709
9833,1.693220783,0.299046076,0.66471104,1.556518563,0.112073928,0.178374249,0.088330469,6.970967354
9837,2.343744482,0.309248261,0.585752837,1.023424083,0.298327112,0.282047983,0.090461753,6.675925636
9838,1.040144835,0.370021984,0.603641922,1.884005955,0.143459919,0.166335521,0.087119078,7.195374553
9848,2.381940622,0.319186387,0.671523743,1.488239745,0.255597826,0.312587114,0.110358045,7.319440195
9855,2.093344945,0.404169362,0.606480958,1.325003883,0.339985807,0.353740135,0.117951608,7.58035624
9914,1.150099423,0.290979665,0.664690326,1.751891985,0.189248409,0.290918635,0.096686812,7.579489859
9915,2.630512293,0.272815673,0.585682786,1.044328797,0.208026163,0.238769663,0.087200474,7.754327035
9916,-0.673311815,0.121980973,0.468947603,1.633214738,0.16774238,0.277848249,0.09984283,7.739530829
9976,-2.904612056,0.294559473,0.580324887,1.628496506,0.181652186,0.278795293,0.08408716,7.765314743
9977,1.587392652,0.495255716,0.44692788,1.216267836,0.312037797,0.284970961,0.134477333,7.7438552
9978,0.922198077,0.349429662,0.60107464,1.131237811,0.164717845,0.272342832,0.098804588,7.42363843
9979,0.673505121,0.321718238,0.409462389,0.887805961,0.212528514,0.252902629,0.114875944,7.173948441
10055,-1.149368506,0.136014226,0.552881476,1.416788392,0.13336152,0.307771352,0.092227991,7.678295053
10086,-2.639475202,0.470264387,0.663656238,1.151881145,0.193347001,0.209077036,0.067759619,7.229951659
10088,NA,NA,NA,NA,NA,NA,NA,NA
10143,3.118479316,0.358045867,0.590733255,0.982927476,0.211151025,0.322045843,0.103653158,7.76138033
10152,1.327726239,0.184873826,0.56264454,1.37808576,0.1603776,0.271654787,0.101703644,7.726057998
10212,0.719623781,0.41437963,0.625363788,1.997655471,0.230357758,0.321228816,0.081269385,7.630305028
10282,2.295041429,0.392408285,0.468005485,1.222783827,0.254271094,0.358580212,0.055815856,7.352464191
10285,1.325117608,0.49056571,0.551542689,0.956663453,0.204318644,0.243526069,0.11232694,7.584872807
10292,1.294328546,0.378443195,0.666622572,1.448863229,0.185835879,0.279004268,0.08992513,7.399340741
10302,-2.072755027,0.199433541,0.636529105,1.670857918,0.169040813,0.275690557,0.084825,6.62516253
10303,1.182619796,0.310510557,0.569201919,2.002898949,0.299600788,0.293896618,0.101665204,7.348524816
10308,-2.958614513,0.3789657,0.583720587,0.799527776,0.141926846,0.267372364,0.108943303,7.565063731
10311,1.76347856,0.061260449,0.548853027,1.139217665,0.094604376,0.257897357,0.09777606,7.484780681
10313,-0.125127573,0.19464018,0.552426713,1.661922185,0.151009416,0.281979357,0.096266943,7.537138711
10319,2.346631749,0.352235209,0.522214042,1.828600036,0.269640865,0.271767191,0.093005498,7.745646797
10405,1.628052906,0.372464921,0.540468983,1.364008653,0.367086033,0.317340894,0.129987698,6.866929347
10415,2.885574015,0.141298274,0.557350158,1.38444941,0.124734317,0.253071617,0.121076002,7.114150386
10420,2.515762342,0.182183122,0.521104447,2.434692485,0.127885929,0.256362578,0.112660131,7.737102172
10425,0.45920245,0.187126501,0.554950676,2.157004399,0.190536335,0.303403489,0.097979983,7.407631241
10428,-2.608638451,0.27296709,0.537416884,1.817778328,0.190075775,0.302684573,0.105628967,7.268563734
10429,2.72618754,0.171281556,0.62176294,1.560436174,0.136371369,0.292976767,0.089720573,7.704232028
10491,2.748180013,0.270108027,0.558163646,1.472890914,0.125611084,0.182090361,0.127409259,6.886157759
10492,2.260566467,0.354010134,0.552055557,1.836912084,0.250729903,0.217137179,0.105995909,7.201989526
10497,1.891485537,0.242623547,0.601466135,1.594011689,0.178604923,0.251916092,0.106143316,7.040703816
10503,1.453124925,0.206423262,0.471559466,1.177813077,0.221945137,0.242082927,0.128729175,7.437937562
10511,0.81893998,0.194040468,0.621127208,1.676973203,0.105177066,0.235669462,0.122356771,7.519842712
10515,-1.383410723,0.419889372,0.68533642,2.17538333,0.1204536,0.186202277,0.084993697,7.003623099
10590,0.856896883,0.221759648,0.427036435,1.136817397,0.174332382,0.215313632,0.093926873,7.515187253
10668,-0.240266273,0.203789322,0.671469941,1.269119418,0.134131991,0.22228964,0.117100781,7.215683346
10675,-1.785717371,0.392213403,0.555340181,1.154858531,0.264606246,0.188696659,0.052443245,6.58734264
10676,0.570889429,0.14521755,0.619596928,1.601596771,0.114436599,0.171802065,0.0780875,7.224275717
10677,0.526638161,0.315371063,0.610724916,1.641168317,0.202342465,0.285562513,0.088699544,7.531994252
10678,-0.52638596,0.211300687,0.58518552,1.612481976,0.14737429,0.243969934,0.088307483,7.265889454
10689,2.040460486,0.434330711,0.602466683,1.726657189,0.198486489,0.325645646,0.10481898,7.845870024
10749,1.434787669,0.23282817,0.331853685,1.586956462,0.182430838,0.340077027,0.080862223,6.168537297
10757,2.473035648,0.277855935,0.650154495,2.079557544,0.208925599,0.242917798,0.104357407,7.503469439
10823,1.209416027,0.252779756,0.544309912,1.416346612,0.147944232,0.173378094,0.127995788,7.034646205
10824,2.792133371,0.221021498,0.42900065,1.666440586,0.139411144,0.197884927,0.141326137,7.554906689
10838,0.428093102,0.308212179,0.437586939,1.66067061,0.298140248,0.306996573,0.106300755,7.520108058
10881,-1.701504012,0.220098324,0.609401817,1.499080478,0.143835798,0.250640314,0.102863218,6.895200571
10883,2.348781585,0.194589125,0.618963062,1.894941085,0.163212984,0.288862812,0.104555667,7.565303146
10888,0.137423996,0.304439562,0.665035028,1.554690417,0.08854285,0.133410004,0.1178404,6.766702434
10889,2.086060748,0.1472526,0.562912565,1.290502667,0.096825707,0.145062496,0.097375521,6.943639944
10895,-2.764279106,0.199825455,0.660132587,1.150481392,0.182552937,0.173167817,0.108761927,6.881395074
10900,2.691247449,0.280473201,0.627376827,1.396639382,0.225670741,0.144850555,0.123567367,7.162929574
10905,-1.696256045,0.302162549,0.604058423,2.164790527,0.158618076,0.279581517,0.075148133,7.300232343
10910,-1.281300839,0.579378162,0.685765505,2.163349484,0.210957761,0.219070436,0.094956716,7.614974258
10919,-0.107664248,0.237349839,0.715852101,1.289806511,0.101169793,0.228767468,0.123639737,7.222765731
10949,-3.12441747,0.213120887,0.537075208,1.130829773,0.130813406,0.233010985,0.061891683,7.198505501
11008,-2.14635584,0.163815969,0.540610472,1.236562512,0.146632221,0.32454706,0.105051852,7.667884429
11132,1.608304764,0.514318412,0.473281808,0.68678737,0.335891707,0.292503757,0.128565173,7.651461853
11220,0.647226322,0.495644602,0.601261654,0.862111822,0.242109598,0.229130716,0.184252643,7.476479552
11253,0.924435271,0.270870033,0.4075313,1.246059258,0.146696604,0.228142477,0.119223072,7.628082744
11256,2.898253329,0.472149353,0.598817425,1.420585934,0.19688719,0.273212013,0.084526414,7.388688522
11275,0.817302572,0.17259556,0.519391746,1.727609889,0.160662326,0.262984704,0.084336979,7.493185689
11278,1.006489644,0.343314488,0.510550494,0.767742782,0.294802491,0.263435362,0.10475413,7.349432935
11338,2.74478909,0.269761497,0.686093564,1.296576793,0.202579591,0.309774714,0.087221325,7.513327645
11339,-2.894907539,0.176867055,0.603582673,0.759787378,0.09744563,0.244341706,0.117095947,7.364546899
11436,0.947930462,0.270903791,0.656498452,1.988475764,0.190337169,0.294226628,0.08470221,7.436596504
11576,-0.84254941,0.224248796,0.680293786,1.881783736,0.182761298,0.22100073,0.094669054,7.544675818
11605,-2.599398648,0.392368549,0.649618222,1.02279902,0.186463211,0.273231739,0.105104167,7.797738398
11622,2.821851935,0.452013319,0.493971038,0.521634822,0.335443642,0.303436011,0.097898958,7.366361929
11637,-1.715923135,0.356302599,0.561473758,1.128152357,0.293777696,0.238519718,0.098367573,7.45245695
11638,-2.78789795,0.270141288,0.619854818,1.505541949,0.229844999,0.200090813,0.101924537,7.440431962
11684,1.098797907,0.514390833,0.484717129,0.82962214,0.244666717,0.302027261,0.149804688,7.788191696
11722,2.165809946,0.40446271,0.594118869,1.350646818,0.200242155,0.318367949,0.11660703,7.485533196
11728,1.799874403,0.306579119,0.549825495,1.082745369,0.27352918,0.250897182,0.136345387,7.405688105
11733,1.716861441,0.298151266,0.526840408,0.765318824,0.188405935,0.228206259,0.126187642,6.779234331
11736,2.477495934,0.314843214,0.588272467,1.070791342,0.215964731,0.325584881,0.085026042,7.109540894
11738,-0.284494837,0.084839551,0.604377646,1.328476632,0.072723617,0.219265854,0.111514621,6.825940188
11810,2.535689067,0.458905386,0.652072698,1.608812496,0.17844743,0.320515786,0.069101422,7.666199247
11820,1.982423389,0.253067239,0.597348377,1.522653265,0.151932982,0.302524862,0.090696091,7.639796586
11836,-0.414950298,0.161308919,0.592626793,1.587563554,0.143587118,0.267325382,0.119557195,7.630840925
11853,3.049762816,0.334734802,0.563672884,1.602076754,0.200529921,0.325229268,0.076966749,7.439145486
11857,-0.849362981,0.218865694,0.625068211,1.74504971,0.274977422,0.206671193,0.080869792,7.356984664
11859,-3.136903368,0.390591864,0.58801126,1.420760692,0.194611849,0.192653772,0.092872917,7.271374058
11986,1.906269906,0.198411387,0.562599639,1.047245563,0.224373395,0.286222308,0.112473522,7.329621127
12051,1.986057236,0.216456817,0.534682485,1.385437185,0.203946755,0.26551438,0.108182543,7.672814758
12062,-0.353568649,0.324906281,0.61902994,1.721056704,0.144017789,0.204430487,0.110135926,7.168695424
12066,2.930722493,0.066791488,0.657460268,2.298018861,0.087369311,0.23397269,0.132858854,7.070154844
12073,2.648273375,0.244030005,0.543569963,2.088937049,0.205912329,0.3140399,0.123801042,7.735588678
12074,0.678223298,0.302762561,0.635055749,1.130715867,0.12129231,0.210264867,0.103160266,7.32402713
12079,0.816011793,0.265245506,0.620442675,1.198285901,0.237724423,0.173660806,0.109541555,7.308897228
12253,0.712670406,0.210127492,0.555660563,1.136912158,0.118434731,0.248102042,0.13037262,7.706419892
12282,-2.765269132,0.334006516,0.701258285,1.247401581,0.239869319,0.324470044,0.110529252,7.435245636
12283,-2.25496259,0.203812581,0.706712195,0.272272526,0.127740823,0.234230224,0.085576172,7.70208076
12324,1.935112844,0.310472624,0.517955332,1.87028977,0.237862418,0.302980126,0.118146259,7.895568244
12339,1.868362152,0.329726655,0.61855466,2.080585876,0.150465298,0.318211987,0.084057176,7.388402633
12347,-2.887853007,0.302666716,0.591319863,1.950657595,0.281463471,0.312291063,0.098839518,7.799993438
12349,1.609804221,0.476745232,0.397854325,0.392966039,0.199293423,0.208823031,0.154984208,7.520106787
12353,1.068192312,0.405643713,0.401364566,0.977409848,0.252569957,0.225744574,0.129489673,7.598599172
12555,-0.606514561,0.395236693,0.628334306,2.341974131,0.263685528,0.246628126,0.111952083,7.83780895
12556,1.388523807,0.256900999,0.630507904,1.55354791,0.120206904,0.238769243,0.146998088,7.587930454
12569,1.661510346,0.464716831,0.538705504,0.644905346,0.278239003,0.254078509,0.144384384,7.447049146
12577,2.424040841,0.341279054,0.487821848,1.819844685,0.235335023,0.228573207,0.172422886,7.737717509
12578,0.856660675,0.305765771,0.715394653,1.632602694,0.127059712,0.141945178,0.118548584,6.869099322
12647,0.015496003,0.112642423,0.594845503,1.334434256,0.130280173,0.267759623,0.096850964,7.606920136
12759,1.438137872,0.368180988,0.635270954,0.788464207,0.229194398,0.174195606,0.16643099,7.406992245
12789,1.421246046,0.433326494,0.55232454,0.524792765,0.288782451,0.255972707,0.148052268,7.352888872
12795,1.068597185,0.43200468,0.470094033,0.730301466,0.312074232,0.282413303,0.150133259,7.520964586
12797,0.828227618,0.259585543,0.617295025,0.780719326,0.221767719,0.293197548,0.143441667,5.837279633
12799,1.544685184,0.41525179,0.529911405,0.951323408,0.218434807,0.3022137,0.121125539,7.735552265
12808,3.043865549,0.477712714,0.641509893,1.522763918,0.192247235,0.208671225,0.088078009,7.11772654
12888,-2.934629567,0.195626671,0.651026051,1.59978631,0.128974089,0.167612879,0.084887443,7.09612807
12892,1.714954679,0.228787306,0.592008234,1.717496246,0.13008584,0.251858788,0.096503906,7.472276195
12925,1.859818096,0.285094943,0.589148699,1.453445681,0.189911297,0.294293082,0.095114746,7.279242936
12928,1.020195968,0.278193667,0.626293141,1.005520678,0.159951836,0.212674379,0.160634041,7.55010895
12930,2.035734519,0.330102245,0.510039318,1.335336175,0.194920954,0.269069978,0.124986458,7.731921801
12931,1.410182759,0.254567707,0.664629773,1.405226007,0.262495959,0.291194773,0.104814608,6.120647951
12937,1.895458226,0.365802784,0.36462048,1.075865901,0.291530447,0.317569585,0.12286901,7.32503905
12943,2.408972174,0.32625051,0.58653319,1.313308695,0.199028485,0.309668277,0.124002686,7.79889529
12952,-0.249861062,0.223598318,0.658337726,1.525638288,0.208556117,0.265132666,0.110277176,7.321139266
12955,-2.560354935,0.190226099,0.492341604,1.134448337,0.16093473,0.251351766,0.094008128,6.510784319
12959,0.848798273,0.507860546,0.595615509,1.222117569,0.325067979,0.314804343,0.126949156,7.909472046
12976,1.237574124,0.493601504,0.504470295,0.684736516,0.249735523,0.265052679,0.116487715,7.805948918
12978,0.769053608,0.237620581,0.564935512,1.513308641,0.221652129,0.329881254,0.111009572,7.056499387
12997,2.395142221,0.17241553,0.613475526,1.257929085,0.1234068,0.276595421,0.089486009,7.835890564
13051,1.742913696,0.373222549,0.507365804,0.487524398,0.129343242,0.181992794,0.148702794,7.446860623
13053,2.287643153,0.538696824,0.573589809,1.504282983,0.169143257,0.19850721,0.130157878,6.959779836
13085,1.553487184,0.279737764,0.646494626,1.889552116,0.182391673,0.21537457,0.116941732,7.087632166
13096,0.456719534,0.257631562,0.685581364,1.360258607,0.172095579,0.200818203,0.110791829,6.897584662
13123,-1.810566074,0.230122529,0.787756007,1.375236085,0.15141823,0.216165825,0.112483073,7.419895294
13130,0.873428656,0.260265319,0.580215039,1.653136266,0.168358674,0.330293583,0.13727061,7.527469641
13139,0.004565383,0.377597251,0.549120602,1.083085795,0.241814818,0.285346228,0.1421,7.297269292
13154,1.106013131,0.348834723,0.524179853,0.621986764,0.15118307,0.197627474,0.145596875,7.463947448
13170,2.786993821,0.163454243,0.592545127,1.986777609,0.125821228,0.287844833,0.110192969,7.521543482
13381,-0.077179342,0.216484093,0.509510787,1.611131843,0.147089274,0.241267679,0.152639974,7.788502436
13562,-0.893412175,0.15360625,0.56257977,2.160401879,0.144619518,0.311568158,0.123974005,7.224518826
13563,0.598317858,0.148090484,0.541372964,1.244611086,0.174733868,0.304928161,0.119991733,7.35895215
13581,2.147111559,0.296084827,0.632428805,1.768401985,0.256494429,0.318038031,0.115734667,7.404054136
13582,1.133643755,0.424323923,0.449058402,0.945625087,0.232678821,0.279161933,0.137011704,7.649393357
13598,1.822943311,0.405033556,0.590005286,1.256973641,0.255637506,0.26106396,0.121010974,6.889887279
13626,1.889809526,0.393140704,0.506970459,0.873510312,0.167327728,0.269269177,0.142729441,7.632436756
13629,1.832483784,0.487728125,0.571824861,1.450557631,0.24596663,0.200230241,0.115214583,6.938886535
13633,1.165719669,0.176586193,0.547755852,1.038496439,0.114108847,0.287543305,0.128044244,7.820055735
13638,1.177873214,0.232454313,0.57338154,1.821486242,0.198032408,0.271395182,0.108315847,7.580860091
13713,-1.745437464,0.379610414,0.613193448,2.373398626,0.273506903,0.288721222,0.0790875,7.495756958
13728,0.944042185,0.284628887,0.45487126,1.066842018,0.220867969,0.28469097,0.124930716,7.802579978
13738,-0.258508232,0.129669939,0.584429658,1.240085994,0.136688219,0.335089557,0.11193432,6.930635896
13744,1.62913054,0.221764436,0.565144107,1.259450159,0.181495964,0.301328125,0.097399976,7.133818207
13790,2.544688822,0.215899537,0.57023987,1.293933761,0.187269041,0.154033702,0.086213425,7.143316041
13793,1.469852442,0.143591874,0.45445714,1.833211896,0.177982763,0.25482528,0.106027832,7.50985357
13915,0.850508406,0.209520866,0.556940865,1.24847589,0.214689827,0.305270882,0.099591811,7.500384616
13943,0.488464345,0.201267743,0.522556053,1.248354832,0.148501013,0.20207475,0.100410156,7.449962583
13998,-0.845465022,0.133535066,0.592903351,1.486952949,0.143019006,0.224773132,0.068240278,7.409913112
14000,0.93924484,0.15714658,0.495265744,1.309667311,0.199622521,0.242605175,0.095846494,7.744741107
14013,0.857706184,0.423075263,0.599632901,0.936449746,0.224245887,0.328463903,0.139835423,7.625666672
14020,0.840059875,0.425692143,0.38584191,0.819169314,0.233412349,0.172435699,0.172220366,6.978628251
14022,-2.605835563,0.504453256,0.418630566,1.015682579,0.11015696,0.125817141,0.066188151,5.547928859
14023,-3.132576111,0.45329201,0.799633023,2.173099841,0.135292633,0.119598046,0.098215115,6.313457066
14024,-2.712459354,0.507336248,0.711961235,0.650125493,0.227009655,0.208347988,0.091824849,7.458418896
14027,-2.621379085,0.283006622,0.727399187,0.745139532,0.173398905,0.104951541,0.050562511,6.525161195
14036,0.548567087,0.334474606,0.572106701,1.817329584,0.198383659,0.280948138,0.062331,7.487170738
14042,-2.459061111,0.245719188,0.687801337,0.06294045,0.039209382,0.178454584,0.086203231,6.223855436
14052,-2.773259476,0.432406343,0.619106408,0.710992715,0.20395433,0.148072669,0.08666183,6.977853993
14164,1.209819316,0.453573519,0.488686658,0.485669636,0.200599335,0.239777891,0.158091927,7.755253517
14174,1.480479253,0.316738904,0.548311491,0.695714816,0.172468058,0.164037297,0.159388326,7.36027107
14302,-0.116645372,0.35766418,0.674059304,1.670076515,0.116958221,0.242539497,0.104731845,7.39589732
14319,-0.3022571,0.201709877,0.722936361,1.198636152,0.129031861,0.099617295,0.115536148,6.317008441
14339,2.644350085,0.454291041,0.594106373,2.31540601,0.325998619,0.249367404,0.095915899,7.816649214